lat,lon,alt,gs,track,vs
43.599152,-118.738318,8100,91.1,93.1,640
43.598923,-118.731931,8200,92.1,91.9,512
43.598923,-118.727332,8275,91.0,90.0,576
43.598964,-118.724932,8300,92.1,88.1,576
43.599383,-118.709237,8500,96.0,88.8,512
43.599518,-118.701974,8600,96.1,87.6,512
43.599884,-118.694309,8700,96.1,87.0,512
43.600221,-118.686349,8800,98.2,86.5,448
43.600616,-118.678085,8900,98.3,85.3,512
43.601152,-118.670262,9000,99.5,84.2,384
43.601303,-118.66729,9025,100.0,88.3,448
43.601257,-118.66531,9050,99.1,92.9,448
43.601105,-118.663199,9100,97.9,97.6,512
43.600267,-118.655352,9225,95.9,97.8,384
43.599976,-118.65145,9250,98.3,94.7,384
43.599747,-118.646148,9300,99.1,92.3,512
43.599472,-118.639888,9400,97.3,94.1,512
43.599057,-118.633772,9475,97.5,95.9,448
43.598685,-118.629521,9525,98.0,98.2,448
43.597733,-118.621493,9625,96.7,97.1,512
43.597504,-118.617532,9675,99.2,94.0,448
43.597092,-118.608782,9775,99.2,94.0,448
43.596725,-118.600414,9875,98.1,92.9,384
43.596451,-118.594729,9925,99.3,94.6,320
43.595985,-118.589238,9975,98.6,96.4,576
43.59549,-118.582466,10075,97.3,94.7,512
43.595352,-118.578953,10125,98.0,91.8,384
43.595333,-118.573805,10175,99.0,90.0,448
43.595398,-118.568988,10225,100.1,87.7,448
43.595673,-118.560812,10325,99.0,88.3,448
43.595938,-118.554186,10400,99.2,86.5,448
43.596268,-118.548676,10450,100.5,84.3,320
43.596869,-118.540257,10550,99.3,85.4,512
43.597335,-118.532213,10650,99.4,84.8,448
43.597641,-118.526767,10700,99.2,86.5,256
43.597733,-118.523702,10725,101.0,90.0,320
43.597521,-118.513772,10825,100.0,90.6,384
43.597504,-118.503198,10925,100.0,90.0,448
43.597567,-118.497554,10950,101.1,87.7,320
43.597916,-118.490168,11025,101.2,86.0,320
43.598373,-118.481992,11100,102.1,87.2,320
43.598419,-118.478734,11125,102.0,90.6,256
43.598145,-118.472027,11150,104.1,92.2,320
43.597778,-118.462127,11250,102.2,93.4,320
43.597521,-118.457402,11275,102.4,95.0,192
43.597009,-118.451516,11325,103.8,97.2,384
43.595901,-118.440474,11400,104.1,98.3,320
43.594666,-118.429104,11475,108.0,98.0,-64
43.593887,-118.420481,11525,109.8,96.8,512
43.59288,-118.407259,11550,115.6,96.0,192
43.591827,-118.392568,11575,120.7,96.2,-64
43.591376,-118.38756,11575,121.5,99.0,64
43.59082,-118.384073,11575,122.0,102.8,-128
43.590165,-118.380694,11575,124.0,106.4,-256
43.588943,-118.375514,11525,128.1,109.1,-384
43.58757,-118.370468,11525,127.4,112.1,-64
43.584253,-118.359767,11550,123.1,110.9,448
43.583555,-118.356825,11550,121.8,106.2,256
43.583267,-118.354819,11575,123.4,101.2,320
43.583043,-118.352705,11575,123.6,95.6,192
43.582996,-118.350285,11600,124.0,90.5,192
43.583136,-118.347146,11600,125.4,85.4,-64
43.583862,-118.336934,11550,131.3,86.1,-320
43.583881,-118.333936,11550,132.0,90.9,0
43.583555,-118.324781,11550,131.1,92.6,-64
43.583038,-118.308318,11550,130.1,91.8,0
43.582947,-118.298801,11500,134.0,90.4,-256
43.58295,-118.291037,11500,136.0,88.7,-64
43.583229,-118.28561,11475,135.4,85.8,-128
43.583862,-118.272166,11475,135.2,87.0,64
43.584207,-118.26089,11475,135.1,88.3,0
43.584229,-118.254281,11475,136.0,90.8,-128
43.584229,-118.243742,11475,138.0,89.2,0
43.584393,-118.238918,11475,136.4,85.8,64
43.585327,-118.222025,11450,138.2,86.7,-64
43.585648,-118.213146,11475,136.1,88.3,128
43.585648,-118.207206,11450,137.0,90.8,-256
43.585464,-118.202096,11425,137.3,93.8,-384
43.584998,-118.195365,11400,137.7,95.8,-192
43.583862,-118.181017,11400,134.5,94.7,0
43.583542,-118.173608,11400,134.1,92.6,0
43.583462,-118.166003,11400,132.0,90.4,64
43.583415,-118.154035,11400,132.0,89.1,64
43.583695,-118.14658,11425,131.2,86.9,64
43.5843,-118.132259,11450,131.1,87.8,128
43.584412,-118.126022,11425,134.0,90.4,-128
43.584366,-118.11593,11425,135.0,88.7,128
43.584641,-118.099323,11450,132.1,88.3,0
43.584719,-118.093153,11450,134.0,90.4,-128
43.58444,-118.080532,11450,132.1,91.7,64
43.584183,-118.064,11475,130.0,90.9,128
43.584137,-118.051737,11475,132.0,89.6,-64
43.5843,-118.034494,11475,135.0,88.7,-64
43.584626,-118.018995,11475,133.0,89.6,0
43.584503,-118.006578,11475,132.0,90.4,0
43.584457,-117.99029,11475,135.0,91.3,-128
43.584346,-117.980085,11475,135.0,90.0,-64
43.58432,-117.963016,11475,135.0,90.8,0
43.584091,-117.946344,11450,133.1,91.7,320
43.583771,-117.937977,11500,130.2,93.1,0
43.583229,-117.927115,11450,135.4,94.7,-128
43.582577,-117.917175,11475,131.7,96.1,192
43.581693,-117.906843,11475,132.1,97.4,-128
43.580995,-117.900892,11450,132.0,100.0,-64
43.579926,-117.892052,11475,130.4,98.4,64
43.578295,-117.87565,11500,129.1,97.6,64
43.57755,-117.86656,11500,130.8,96.2,64
43.576859,-117.855963,11525,130.5,94.8,64
43.576526,-117.848772,11525,132.1,92.6,0
43.576339,-117.840336,11525,133.0,90.9,64
43.576293,-117.823792,11500,134.0,90.0,-64
43.576246,-117.806789,11500,134.0,90.4,-64
43.576153,-117.789786,11500,133.0,90.4,192
43.576153,-117.772849,11525,135.0,90.0,-64
43.57606,-117.758789,11500,140.0,91.2,-128
43.57606,-117.750288,11475,141.0,89.2,-64
43.576263,-117.73275,11525,136.0,88.7,192
43.576263,-117.724638,11525,135.0,90.8,0
43.575943,-117.707136,11500,138.0,91.2,-64
43.575827,-117.697122,11500,137.0,89.6,128
43.575851,-117.688996,11525,136.1,91.7,-64
43.575531,-117.680692,11500,138.3,93.7,-128
43.574989,-117.671095,11475,139.5,94.9,-128
43.574152,-117.661024,11475,139.9,96.6,64
43.573546,-117.652849,11475,138.4,94.6,-64
43.573334,-117.646264,11450,140.1,92.1,-192
43.573151,-117.637003,11450,140.0,90.4,0
43.572968,-117.619565,11425,140.0,91.2,-320
43.572876,-117.605385,11425,140.1,92.4,128
43.572615,-117.600468,11450,135.6,95.5,320
43.571457,-117.584945,11475,135.4,94.7,-192
43.570474,-117.567836,11450,136.5,95.0,0
43.569855,-117.559651,11450,137.1,97.1,0
43.569031,-117.55205,11450,136.8,99.3,-64
43.567657,-117.541958,11450,137.5,100.9,-64
43.56633,-117.532505,11450,137.1,102.2,0
43.564469,-117.521667,11475,134.9,103.7,128
43.562576,-117.511426,11475,134.6,105.1,0
43.559784,-117.49731,11475,137.0,103.9,-64
43.559052,-117.4922,11475,136.5,101.0,-64
43.55722,-117.47834,11475,136.1,100.2,64
43.555023,-117.461413,11475,136.0,99.7,-64
43.55311,-117.444436,11475,136.9,99.7,0
43.550903,-117.427432,11475,137.1,100.1,-128
43.549013,-117.411673,11425,139.9,99.5,-128
43.547012,-117.394154,11425,137.6,98.8,128
43.545181,-117.379016,11450,135.0,99.8,128
43.543488,-117.36541,11475,133.7,99.0,0
43.541977,-117.352763,11475,134.0,99.9,128
43.540448,-117.340655,11475,134.5,98.6,0
43.538773,-117.323701,11500,134.2,97.7,64
43.537125,-117.307157,11500,135.0,96.8,0
43.535614,-117.290039,11500,135.0,96.8,0
43.534536,-117.276372,11525,133.6,95.6,64
43.53407,-117.26872,11525,133.2,93.4,0
43.5336,-117.256314,11525,135.4,94.7,0
43.533046,-117.249233,11525,135.0,96.8,64
43.531586,-117.232808,11550,134.0,96.9,-64
43.530121,-117.215754,11525,134.8,96.4,128
43.529042,-117.202672,11525,135.6,95.5,0
43.528061,-117.186244,11550,133.8,96.4,128
43.527227,-117.178279,11550,134.5,98.6,0
43.52611,-117.168536,11550,134.0,99.9,64
43.524387,-117.155849,11575,134.3,100.7,0
43.522572,-117.142901,11550,135.0,99.8,0
43.521129,-117.130803,11550,134.5,98.6,0
43.519775,-117.11809,11550,135.1,97.2,0
43.519043,-117.108573,11550,134.6,95.5,0
43.518311,-117.100014,11550,136.1,97.2,-64
43.516983,-117.086089,11550,136.5,98.4,0
43.515747,-117.075678,11550,136.0,99.7,64
43.51354,-117.058934,11550,134.2,100.3,-64
43.512497,-117.050448,11550,134.5,98.6,0
43.510934,-117.035392,11550,134.8,99.4,-64
43.509584,-117.025255,11550,135.5,101.1,0
43.507861,-117.012961,11550,136.0,99.7,64
43.507163,-117.006226,11575,135.1,97.2,128
43.506775,-117.000818,11575,134.4,94.3,64
43.506134,-116.990023,11575,134.6,95.5,0
43.505254,-116.977648,11550,135.4,94.2,0
43.504486,-116.960769,11575,134.2,93.4,64
43.504074,-116.95106,11575,134.1,91.7,0
43.50409,-116.94312,11575,135.0,89.6,-64
43.504183,-116.926248,11575,137.0,90.0,-64
43.50409,-116.918335,11550,137.1,91.7,-64
43.503799,-116.911458,11550,137.4,94.2,-64
43.503113,-116.899833,11550,137.6,95.4,0
43.502415,-116.892112,11575,136.2,97.6,192
43.500961,-116.87505,11600,133.0,96.9,64
43.500092,-116.866299,11600,134.5,98.6,0
43.498923,-116.856341,11600,135.1,100.2,64
43.497573,-116.847316,11625,133.8,101.7,64
43.496155,-116.838705,11625,133.6,103.4,-64
43.494827,-116.831807,11625,133.7,105.2,-64
43.492499,-116.820897,11650,133.2,104.3,0
43.491531,-116.814625,11650,131.8,101.8,64
43.489194,-116.800101,11650,135.1,102.4,-192
43.486447,-116.783033,11625,138.1,102.1,-128
43.485144,-116.77427,11600,139.3,100.3,-192
43.48439,-116.767614,11575,140.3,97.8,-192
43.482651,-116.750368,11525,142.6,98.5,-384
43.481792,-116.741573,11500,143.0,96.8,-128
43.48128,-116.73536,11500,142.4,94.0,-64
43.48114,-116.729933,11475,141.0,90.8,0
43.480957,-116.714343,11500,136.1,91.7,0
43.480675,-116.706194,11500,137.2,93.3,-128
43.480209,-116.698151,11475,137.5,95.0,0
43.479464,-116.688799,11475,137.9,96.7,-128
43.478254,-116.675393,11450,138.7,95.8,0
43.477881,-116.669115,11450,138.2,93.3,0
43.477137,-116.651655,11450,135.4,94.2,0
43.476625,-116.640276,11450,135.2,93.0,0
43.476112,-116.625693,11450,134.3,93.8,128
43.475372,-116.61323,11475,132.5,95.2,64
43.47464,-116.604096,11500,132.0,97.0,128
43.473679,-116.594834,11525,131.5,98.8,128
43.471848,-116.579058,11500,134.2,97.7,-64
43.470428,-116.565325,11525,133.0,96.9,64
43.469193,-116.548654,11550,131.9,96.5,0
43.468245,-116.538783,11525,133.4,98.2,-64
43.466858,-116.524701,11500,136.1,97.2,-192
43.465851,-116.511479,11475,136.7,95.9,64
43.464474,-116.494511,11475,134.7,96.0,192
43.463776,-116.484179,11525,131.4,94.4,64
43.462921,-116.467534,11500,133.5,95.2,0
43.46224,-116.458936,11500,133.0,96.9,64
43.461411,-116.449266,11500,131.6,95.2,0
43.46103,-116.441999,11500,132.2,93.0,64
43.460517,-116.425389,11525,132.2,93.5,0
43.460099,-116.417542,11500,133.6,95.6,-64
43.459447,-116.409629,11500,135.1,97.2,-128
43.458389,-116.399827,11475,137.6,98.8,-64
43.456886,-116.387656,11475,136.1,100.2,0
43.454978,-116.374054,11450,136.7,101.4,128
43.453674,-116.36601,11475,135.6,103.2,64
43.45253,-116.359395,11475,134.9,102.0,-64
43.452092,-116.355416,11475,136.3,98.0,-64
43.451486,-116.34855,11450,135.7,95.9,-64
43.450928,-116.339264,11450,135.4,94.2,0
43.450043,-116.322392,11450,134.4,94.3,0
43.449234,-116.305677,11425,135.4,94.2,-64
43.44841,-116.288622,11425,135.4,94.2,128
43.447815,-116.280766,11425,135.8,96.3,-64
43.446533,-116.263903,11400,135.9,96.8,-128
43.445667,-116.255362,11375,138.6,98.7,-192
43.444224,-116.243722,11325,141.2,100.2,-256
43.442641,-116.232213,11325,137.9,101.7,192
43.441105,-116.222011,11350,136.1,100.2,64
43.440765,-116.218233,11325,136.7,95.9,-64
43.439616,-116.203831,11325,134.0,96.9,256
43.438871,-116.196442,11375,130.5,98.8,256
43.43692,-116.180164,11350,133.4,98.2,-128
43.436279,-116.173394,11350,131.7,96.1,64
43.435455,-116.160044,11400,128.5,94.9,128
43.43454,-116.147397,11375,130.8,96.2,-128
43.433762,-116.13903,11375,130.3,97.9,0
43.432586,-116.128627,11375,130.7,99.2,64
43.430678,-116.112213,11400,129.4,98.4,0
43.42955,-116.102621,11375,131.9,99.6,-128
43.428268,-116.092913,11400,129.3,98.0,192
43.427994,-116.088825,11425,128.4,94.5,128
43.427811,-116.082948,11425,128.1,91.8,-64
43.427372,-116.070099,11400,131.2,93.1,-64
43.426953,-116.062186,11400,133.5,95.2,-128
43.425797,-116.045837,11400,131.5,94.8,-64
43.425018,-116.034148,11400,129.8,96.2,0
43.424194,-116.025142,11425,128.1,97.6,128
43.423553,-116.018052,11425,128.7,95.8,-128
43.423004,-116.009493,11400,131.3,93.9,0
43.422531,-116.000977,11425,129.7,95.8,128
43.421631,-115.990523,11450,128.0,97.2,128
43.420349,-115.97762,11450,130.8,96.2,-128
43.42011,-115.973249,11450,131.1,92.2,-128
43.420064,-115.967233,11450,131.0,89.6,128
43.420203,-115.962001,11450,128.2,86.9,192
43.420622,-115.952846,11500,126.1,88.2,192
43.420669,-115.947157,11500,127.0,90.9,-64
43.420532,-115.940254,11500,128.2,93.1,0
43.42012,-115.932908,11500,128.5,94.9,0
43.419086,-115.916813,11525,127.6,95.4,0
43.41861,-115.910936,11525,128.1,97.6,0
43.417783,-115.9038,11525,128.9,99.8,0
43.416641,-115.896117,11525,128.7,101.7,64
43.415036,-115.885228,11550,128.1,100.3,128
43.412933,-115.869354,11525,129.9,99.8,-128
43.411638,-115.857893,11525,129.4,98.4,128
43.411057,-115.851788,11550,128.7,95.8,64
43.410736,-115.84572,11550,128.2,93.1,64
43.410195,-115.830427,11550,128.1,92.2,0
43.409822,-115.818002,11550,129.2,93.6,0
43.409403,-115.810351,11550,130.7,95.7,-64
43.40831,-115.794302,11550,128.6,95.4,192
43.407303,-115.78076,11575,129.4,94.4,0
43.407166,-115.775139,11575,130.1,91.8,0
43.406982,-115.763642,11625,128.0,90.4,192
43.407028,-115.747418,11625,129.0,89.6,-64
43.406982,-115.740903,11625,130.1,91.8,-64
43.406708,-115.733557,11625,130.2,93.5,64
43.406331,-115.72743,11625,130.7,95.7,64
43.405726,-115.720498,11600,132.2,97.8,-128
43.404143,-115.706765,11600,134.5,98.6,-128
43.402979,-115.697414,11575,134.2,100.3,0
43.400744,-115.680607,11575,134.3,100.7,-64
43.399255,-115.670929,11550,135.1,102.4,0
43.397346,-115.659812,11550,133.6,103.4,0
43.395484,-115.650003,11550,133.4,104.8,0
43.392924,-115.636924,11550,133.2,104.3,-64
43.39238,-115.633403,11550,132.0,100.0,64
43.39162,-115.62633,11575,129.3,98.0,320
43.390869,-115.617882,11600,126.8,96.3,128
43.39032,-115.609706,11600,129.4,94.4,-192
43.389771,-115.60121,11575,131.7,96.1,-64
43.38826,-115.584795,11550,133.8,96.4,-128
43.387527,-115.577258,11550,133.4,98.2,-64
43.386292,-115.566335,11550,130.9,99.7,256
43.385742,-115.561417,11575,128.9,96.7,256
43.385468,-115.557329,11600,126.2,93.2,320
43.385376,-115.55158,11625,125.0,90.5,128
43.385239,-115.543405,11600,129.1,92.2,-192
43.384872,-115.534334,11600,129.3,94.0,64
43.384358,-115.523137,11625,127.1,92.7,128
43.383893,-115.507507,11650,126.1,92.7,0
43.383474,-115.498287,11625,130.4,94.4,-192
43.382492,-115.483682,11550,134.6,95.5,-256
43.381332,-115.466636,11525,135.6,95.5,-192
43.380661,-115.457686,11500,138.1,97.1,-256
43.379929,-115.451298,11475,136.9,99.7,0
43.377794,-115.434461,11500,132.7,99.1,-64
43.376907,-115.426323,11450,136.1,97.2,-320
43.376537,-115.421644,11450,135.4,94.2,0
43.376444,-115.417982,11450,133.0,90.9,192
43.376584,-115.412881,11475,130.1,87.8,256
43.376863,-115.403857,11500,130.3,86.0,-64
43.377608,-115.391955,11450,133.2,87.0,-192
43.377731,-115.38538,11425,136.0,89.6,-256
43.37764,-115.377268,11400,136.0,91.3,-128
43.377422,-115.370767,11400,135.2,93.4,-64
43.376953,-115.363024,11375,135.6,95.5,-128
43.376025,-115.349579,11375,134.4,94.3,0
43.375534,-115.339838,11350,134.2,93.0,64
43.375397,-115.332045,11375,132.0,90.9,192
43.375122,-115.317035,11400,130.1,91.8,64
43.374847,-115.310264,11400,130.3,94.0,0
43.374481,-115.305154,11400,129.9,96.6,0
43.373932,-115.300108,11400,129.9,99.8,0
43.373139,-115.294647,11400,132.0,102.2,-192
43.372147,-115.289058,11375,134.4,104.7,-192
43.370728,-115.282479,11325,136.0,107.1,-256
43.36746,-115.268424,11250,139.8,107.9,-256
43.366608,-115.264467,11250,139.9,103.6,-256
43.366203,-115.261557,11250,138.6,98.7,-256
43.366058,-115.25859,11250,137.3,93.8,-256
43.366013,-115.255077,11250,136.0,88.7,128
43.366529,-115.238277,11250,136.1,87.9,-192
43.366761,-115.227487,11200,139.0,89.2,-64
43.366699,-115.219372,11200,137.0,91.2,64
43.366296,-115.20231,11175,136.1,91.7,-128
43.365967,-115.185327,11150,134.1,92.1,192
43.365458,-115.176021,11175,130.3,94.0,128
43.364573,-115.159803,11175,131.3,93.9,-64
43.364182,-115.149557,11175,131.1,92.6,0
43.364108,-115.14437,11175,130.0,90.0,128
43.364201,-115.140054,11200,129.2,86.4,192
43.364434,-115.135476,11200,127.9,83.3,128
43.365318,-115.12776,11200,128.7,84.2,-64
43.365458,-115.12364,11200,131.1,87.8,-192
43.365691,-115.11298,11175,132.0,89.1,64
43.365784,-115.099863,11200,130.1,88.2,64
43.366287,-115.08332,11200,131.0,88.7,-128
43.366287,-115.074378,11175,132.0,90.4,64
43.36611,-115.062561,11225,129.1,91.8,128
43.365644,-115.050201,11225,128.1,92.7,128
43.365179,-115.041962,11250,126.4,94.5,64
43.364061,-115.02594,11275,124.5,95.1,128
43.363449,-115.015039,11325,125.3,93.7,128
43.363177,-115.004556,11325,127.1,92.2,0
43.362851,-114.988534,11325,128.0,91.3,0
43.362534,-114.975629,11325,131.1,92.2,-64
43.362106,-114.966561,11300,132.3,93.9,0
43.361298,-114.950398,11325,130.2,93.5,128
43.360803,-114.938638,11350,128.1,92.2,64
43.360663,-114.927913,11350,128.0,90.9,128
43.360382,-114.912138,11375,127.1,91.8,64
43.360104,-114.903259,11400,127.2,93.2,64
43.359453,-114.891881,11400,126.4,94.5,0
43.359173,-114.884687,11400,127.1,92.7,64
43.358847,-114.873047,11425,128.0,91.3,0
43.358615,-114.856764,11425,129.0,90.9,0
43.358597,-114.849861,11425,128.0,89.1,64
43.358754,-114.834006,11425,130.0,89.6,-128
43.358754,-114.817396,11375,134.0,89.6,-128
43.358847,-114.800655,11375,131.0,90.4,64
43.358708,-114.794638,11400,130.2,93.1,0
43.358139,-114.783368,11400,130.1,91.8,64
43.357916,-114.767042,11400,131.1,92.2,-128
43.357777,-114.76011,11400,132.0,90.0,-64
43.357963,-114.753571,11400,131.1,87.8,0
43.358322,-114.740636,11375,131.0,88.7,-64
43.358289,-114.735325,11375,132.1,91.7,-64
43.357773,-114.718983,11375,132.1,91.7,-64
43.357498,-114.702248,11375,131.0,91.3,64
43.357178,-114.686024,11400,130.0,91.3,0
43.356939,-114.669604,11375,130.0,91.3,0
43.356628,-114.653512,11375,130.0,90.9,0
43.35652,-114.637626,11400,127.0,90.9,64
43.356354,-114.621575,11425,126.0,90.9,128
43.356101,-114.612252,11450,126.1,92.3,0
43.355682,-114.60022,11450,128.3,93.6,-64
43.355077,-114.589495,11425,130.5,94.8,-64
43.354523,-114.582101,11425,129.9,96.6,0
43.353699,-114.573925,11450,127.4,98.6,256
43.352463,-114.562172,11450,127.0,97.2,-64
43.351725,-114.553332,11425,130.7,95.7,-192
43.351227,-114.543776,11425,130.3,94.0,64
43.350282,-114.527239,11425,131.4,94.4,-64
43.349537,-114.513964,11425,131.2,93.5,-64
43.34935,-114.506729,11400,132.0,91.3,0
43.349121,-114.49025,11425,130.0,91.3,0
43.348746,-114.477801,11400,131.1,92.6,-128
43.348206,-114.464828,11400,133.2,93.4,-64
43.347396,-114.448373,11400,132.2,93.0,-64
43.346786,-114.431869,11350,136.3,93.8,-384
43.346191,-114.422991,11300,140.7,95.7,-384
43.345139,-114.4083,11200,143.7,95.6,-320
43.344681,-114.400252,11150,146.3,93.5,-384
43.344137,-114.38821,11050,149.3,93.8,-512
43.343252,-114.373038,10950,149.5,94.6,-384
43.342484,-114.360777,10850,150.7,95.3,-576
43.341577,-114.348057,10750,149.6,95.0,-448
43.341204,-114.339687,10675,149.2,93.1,-704
43.340836,-114.32999,10550,153.3,93.7,-1024
43.340227,-114.31948,10400,155.5,94.8,-768
43.339691,-114.308848,10275,153.3,93.4,-512
43.339096,-114.29652,10150,150.3,93.8,-640
43.338593,-114.286492,10025,150.3,93.8,-704
43.337992,-114.27475,9900,148.4,94.2,-640
43.337402,-114.263881,9775,148.4,94.2,-576
43.336735,-114.253104,9650,148.7,95.4,-832
43.335944,-114.242837,9500,151.0,96.5,-832
43.335068,-114.232838,9375,151.2,97.2,-768
43.333969,-114.222682,9250,148.8,98.9,-576
43.333054,-114.213356,9150,148.1,97.0,-576
43.332275,-114.203903,9050,145.4,97.9,-640
43.331772,-114.201029,9025,145.8,103.1,-640
43.331288,-114.19778,9000,144.7,98.8,-384
43.331149,-114.195033,8950,145.2,93.2,-384
43.330916,-114.190717,8925,144.1,97.2,-704
43.330404,-114.187251,8875,143.2,102.1,-640
43.329566,-114.180974,8825,143.0,99.7,-512
43.328449,-114.171361,8700,144.7,98.8,-704
43.327657,-114.163513,8600,146.0,96.7,-704
43.327332,-114.157889,8550,146.3,93.5,-576
43.327148,-114.149993,8450,146.0,91.2,-640
43.326874,-114.141306,8375,143.2,93.2,-512
43.326599,-114.134152,8300,143.0,91.2,-768
43.32668,-114.125257,8175,144.0,89.2,-768
43.326645,-114.116906,8050,144.0,91.2,-768
43.326416,-114.107517,7925,145.2,92.8,-832
43.326028,-114.101519,7825,145.8,95.9,-960
43.325283,-114.092952,7675,147.0,96.6,-896
43.324585,-114.0858,7600,143.9,99.2,-576
43.323281,-114.075557,7475,141.2,100.2,-512
43.32225,-114.068171,7425,137.9,101.7,-448
43.321564,-114.064658,7375,136.8,105.3,-384
43.320768,-114.061105,7350,135.4,109.0,-384
43.31955,-114.056865,7300,135.0,112.2,-576
43.31694,-114.047986,7175,136.7,110.6,-576
43.314856,-114.040898,7075,134.5,112.8,-512
43.312621,-114.033704,7000,132.2,112.7,-384
43.310074,-114.025247,6925,129.2,111.8,-320
43.308431,-114.019252,6900,126.2,109.4,-192
43.306641,-114.011706,6850,122.7,107.6,-256
43.305267,-114.005191,6825,120.3,105.4,-256
43.304009,-113.998914,6750,121.3,105.3,-512
43.302519,-113.99159,6675,122.0,104.7,-512
43.301914,-113.987797,6650,120.4,101.5,-448
43.301588,-113.98492,6625,117.1,97.8,-448
43.301262,-113.981323,6550,112.5,95.6,-640
43.301056,-113.978236,6525,108.5,95.3,-576
43.30089,-113.975307,6450,104.3,94.4,-768
43.300781,-113.972998,6425,100.2,94.0,-704
43.300598,-113.969741,6350,96.1,93.0,-704
43.300507,-113.966675,6300,91.1,93.1,-640
43.300378,-113.96347,6225,86.1,93.3,-768
43.300238,-113.960135,6125,84.1,92.1,-832
43.300145,-113.956539,6025,82.1,92.1,-896
43.300003,-113.952686,5925,80.1,92.2,-832
43.300003,-113.952112,5925,79.1,92.2,-832
43.323514,-113.961705,6150,87.1,272.6,768
43.323486,-113.963545,6175,86.0,268.7,640
43.323166,-113.968783,6275,86.1,267.3,640
43.322816,-113.971776,6325,86.0,261.3,576
43.322113,-113.975106,6425,81.0,249.8,704
43.320602,-113.980344,6475,83.2,249.6,320
43.320256,-113.982043,6500,83.7,255.5,256
43.31965,-113.985312,6525,86.7,258.7,256
43.319092,-113.989171,6575,87.3,260.1,576
43.318394,-113.994141,6600,88.6,258.9,192
43.317764,-113.998803,6625,92.8,258.8,192
43.31723,-114.002446,6650,89.1,257.7,192
43.316162,-114.008129,6700,90.7,256.0,448
43.315842,-114.009726,6725,91.2,254.7,384
43.315368,-114.011666,6750,92.7,249.8,512
43.314285,-114.015219,6775,90.3,248.6,128
43.313736,-114.016816,6800,89.9,242.9,320
43.312947,-114.018533,6800,90.7,238.1,320
43.310573,-114.023634,6825,95.1,236.1,512
43.309083,-114.026576,6925,94.3,235.8,640
43.306915,-114.030804,7000,93.2,234.6,704
43.304009,-114.036255,7125,93.0,233.8,576
43.301697,-114.040385,7150,97.6,232.1,0
43.298813,-114.045559,7175,98.9,231.2,256
43.296432,-114.049328,7225,97.1,228.8,448
43.294693,-114.052266,7225,99.0,232.0,64
43.293209,-114.055089,7225,101.3,235.1,64
43.289246,-114.063061,7250,106.3,235.0,64
43.285812,-114.070023,7225,109.0,236.6,-192
43.283712,-114.074315,7225,110.4,234.6,-128
43.282608,-114.076283,7200,111.0,231.6,-64
43.279678,-114.081073,7200,110.0,229.8,64
43.275925,-114.087013,7200,108.4,228.4,128
43.273331,-114.090794,7200,109.6,226.1,64
43.270352,-114.094979,7175,112.5,226.8,-64
43.269048,-114.097137,7175,113.2,231.8,64
43.265464,-114.103546,7175,115.8,233.4,-256
43.262996,-114.10832,7125,119.5,235.9,-512
43.259262,-114.115757,7075,122.9,235.3,-64
43.256479,-114.121334,7000,121.5,235.4,-512
43.25354,-114.126871,6925,123.6,233.2,-704
43.251068,-114.131342,6825,123.8,233.9,-448
43.249603,-114.133769,6800,122.8,230.0,-192
43.24704,-114.137729,6800,120.3,227.7,-64
43.242004,-114.145075,6750,116.2,228.5,-128
43.239581,-114.148538,6750,117.4,225.7,128
43.236053,-114.153315,6775,117.4,223.6,128
43.232225,-114.15802,6775,119.0,221.6,128
43.226825,-114.16469,6825,120.3,222.3,64
43.222123,-114.17051,6775,124.7,221.8,-448
43.220401,-114.172734,6725,126.6,225.3,-384
43.219025,-114.174904,6725,127.0,229.8,-256
43.215606,-114.180385,6650,130.5,229.4,-768
43.212813,-114.185093,6575,134.6,231.9,-512
43.20611,-114.196799,6525,130.9,231.2,-64
43.199965,-114.206935,6550,126.5,230.8,128
43.195449,-114.21439,6525,125.5,229.2,-128
43.193494,-114.217595,6525,126.8,232.1,-320
43.190608,-114.222957,6475,130.4,234.4,-384
43.18707,-114.229824,6425,130.4,235.9,0
43.183319,-114.237628,6425,128.2,237.4,-64
43.180984,-114.242866,6400,128.1,240.0,-128
43.177107,-114.251992,6400,126.1,239.0,0
43.171009,-114.265594,6375,124.3,238.5,-128
43.166587,-114.275142,6400,119.9,238.3,192
43.160581,-114.288221,6425,118.7,237.4,256
43.158906,-114.291818,6475,114.0,236.4,576
43.155441,-114.299203,6525,113.4,236.9,64
43.151642,-114.307123,6550,116.8,237.9,192
43.148254,-114.314724,6575,117.6,236.4,-64
43.146523,-114.318107,6550,118.0,233.6,-128
43.142303,-114.326094,6525,122.6,234.6,0
43.137166,-114.335632,6575,122.2,233.3,256
43.133743,-114.341551,6600,118.9,231.5,192
43.129303,-114.349408,6550,119.6,231.8,-64
43.126648,-114.354198,6575,119.6,234.2,192
43.124317,-114.358978,6600,117.6,236.4,128
43.121292,-114.365249,6625,114.9,234.9,128
43.116822,-114.374084,6625,119.0,236.3,-128
43.113419,-114.381281,6575,124.0,236.2,-320
43.10835,-114.391087,6575,123.5,234.9,-256
43.104858,-114.397824,6550,127.8,232.9,-192
43.102341,-114.402487,6500,131.5,235.2,-448
43.098541,-114.410088,6475,130.1,236.9,0
43.093127,-114.421365,6450,129.5,235.7,-64
43.086914,-114.43353,6450,129.9,234.7,-192
43.084213,-114.438768,6450,130.1,236.9,64
43.078903,-114.45052,6400,126.2,237.9,-128
43.072586,-114.463998,6375,127.9,238.4,-192
43.068787,-114.472685,6325,131.6,238.4,-384
43.064621,-114.481946,6275,134.5,239.6,-192
43.060638,-114.490889,6225,131.0,238.7,-128
43.05542,-114.502897,6200,126.6,238.6,192
43.053635,-114.506857,6225,122.1,238.4,448
43.050672,-114.513702,6300,117.8,239.9,256
43.045303,-114.525892,6325,116.6,239.0,64
43.042525,-114.532078,6325,116.5,237.3,128
43.040104,-114.536983,6350,116.5,235.5,0
43.034317,-114.548311,6325,119.8,236.6,128
43.030608,-114.55634,6375,116.0,237.7,64
43.024841,-114.568879,6400,116.5,237.3,128
43.019073,-114.580759,6400,117.0,236.9,192
43.014999,-114.589063,6400,120.1,235.5,-64
43.011707,-114.595315,6350,124.4,233.5,-448
43.008728,-114.600944,6275,128.2,234.2,-704
43.005237,-114.607479,6175,129.0,234.5,-512
43.002071,-114.613691,6100,127.6,236.2,-448
42.999344,-114.619275,6025,125.9,235.7,-512
42.995181,-114.627686,5950,123.4,236.6,-256
42.991287,-114.635819,5900,120.9,235.8,-192
42.988358,-114.64144,5825,122.6,234.6,-576
42.985657,-114.646869,5775,122.0,236.7,-384
42.981495,-114.655413,5700,121.5,235.4,-384
42.979523,-114.659516,5650,119.9,238.3,-192
42.978283,-114.662541,5650,119.9,242.1,-512
42.975861,-114.668586,5575,121.2,242.0,-512
42.973984,-114.673185,5525,122.2,241.1,-384
42.973069,-114.675685,5500,120.8,245.6,-256
42.96981,-114.684252,5425,122.3,235.7,-256
42.96846,-114.686672,5400,120.9,231.0,-256
42.964038,-114.694454,5350,119.6,231.8,-192
42.962734,-114.696808,5325,117.4,234.0,-320
42.956217,-114.710802,5250,116.5,235.5,-320
42.953568,-114.715981,5225,115.8,233.4,-128
42.952353,-114.717996,5225,117.0,229.5,-192
42.949173,-114.722815,5125,121.8,228.3,-704
42.946243,-114.727286,5025,123.8,227.3,-896
42.943405,-114.731438,4925,123.1,226.3,-704
42.940203,-114.735718,4850,123.1,223.7,-640
42.93718,-114.739806,4775,120.2,226.4,-512
42.934338,-114.744023,4700,117.5,227.8,-448
42.933563,-114.745554,4675,115.4,234.5,-512
42.933174,-114.746573,4650,114.5,243.0,-448
42.932988,-114.747227,4650,114.6,249.0,-384
42.932648,-114.749004,4650,111.8,257.1,-256
42.932243,-114.752132,4625,108.5,260.5,-128
42.931684,-114.756317,4625,103.8,259.5,192
42.930986,-114.760829,4625,102.6,257.0,128
42.930222,-114.764653,4625,98.5,254.7,64
42.929682,-114.767173,4625,94.3,252.7,64
42.92926,-114.76906,4625,89.5,251.8,0
42.928891,-114.770442,4625,84.8,250.7,128
42.928024,-114.774234,4600,80.4,253.4,-256
42.927401,-114.77744,4575,79.3,256.1,-384
42.926563,-114.782213,4500,78.1,256.7,-256
42.92601,-114.785539,4475,79.4,259.1,-384
42.925539,-114.789407,4450,80.6,258.5,-256
42.925369,-114.790075,4425,80.0,251.8,-192
42.92512,-114.790846,4425,79.7,241.5,-448
42.924774,-114.79148,4400,79.4,233.7,-512
42.924282,-114.792153,4400,79.2,225.0,-576
42.923817,-114.792742,4375,79.4,216.3,-704
42.923126,-114.793332,4350,79.2,207.9,-640
42.922234,-114.793723,4325,78.2,201.0,-576
42.921661,-114.793971,4300,76.9,189.0,-576
42.920837,-114.794099,4275,77.1,182.2,-576
42.920372,-114.793985,4275,76.4,174.0,-704
42.919534,-114.793788,4250,77.7,168.1,-704
42.919052,-114.79346,4225,76.3,158.5,-512
42.918324,-114.793004,4225,75.2,151.4,-704
42.917812,-114.792546,4200,74.4,143.8,-832
42.917206,-114.791892,4150,74.3,137.7,-896
42.916834,-114.791173,4125,71.7,129.9,-1088
42.916368,-114.790453,4100,72.7,121.5,-1024
42.916089,-114.789603,4050,72.0,115.5,-1088
42.915848,-114.788542,4025,72.1,109.4,-1216
42.915756,-114.787583,3975,71.1,103.8,-1088
42.915619,-114.786753,3950,72.2,94.0,-1024
42.916077,-114.780749,3750,70.1,87.6,-1088
42.916214,-114.779535,3700,69.3,85.0,-832
42.916974,-114.767434,3675,66.1,87.4,192
42.917253,-114.76253,3750,66.2,85.7,576
42.917725,-114.756285,3825,83.3,85.2,384
42.918045,-114.7529,3900,82.5,83.7,896
42.918228,-114.750664,4000,80.9,81.5,1344
42.918417,-114.749451,4050,80.1,77.0,1216
42.918649,-114.748404,4075,81.7,68.5,1024
42.919098,-114.747343,4100,77.9,60.8,1088
42.919348,-114.746704,4125,81.2,52.0,896
42.919906,-114.745854,4150,82.8,43.5,768
42.921066,-114.744852,4200,81.8,38.5,704
42.921478,-114.744596,4200,82.8,28.1,640
42.92308,-114.744021,4225,83.4,5.5,768
42.923767,-114.744085,4275,83.2,356.5,960
42.9245,-114.744213,4300,84.2,347.0,832
42.924957,-114.744277,4300,85.1,342.2,704
42.92512,-114.744415,4300,90.5,344.0,896
42.92569,-114.744788,4325,85.9,332.2,704
42.926697,-114.745746,4350,82.1,325.9,576
42.926889,-114.745919,4350,88.5,318.2,576
42.927448,-114.746769,4375,87.8,312.2,448
42.927867,-114.74762,4375,88.5,302.1,512
42.928286,-114.748666,4400,88.2,293.4,576
42.928472,-114.749908,4425,88.3,285.8,512
42.928658,-114.750955,4425,88.0,278.5,512
42.928802,-114.752836,4475,86.4,275.3,640
42.928891,-114.755794,4525,86.0,271.3,576
42.928844,-114.75841,4550,87.1,268.0,448
42.928711,-114.762992,4650,87.1,266.7,704
42.928612,-114.766061,4700,87.0,270.0,512
42.928705,-114.76835,4725,89.3,274.5,320
42.928986,-114.77187,4775,89.8,277.7,640
42.929496,-114.776655,4875,87.5,275.9,704
42.929822,-114.78156,4950,90.6,276.3,576
42.930176,-114.784007,5000,89.4,280.3,768
42.930588,-114.786817,5050,90.2,282.8,768
42.930613,-114.787118,5075,96.5,276.0,192
42.930771,-114.787839,5075,93.4,279.9,-1088
42.931137,-114.790266,5125,90.5,283.4,320
42.931963,-114.794835,5200,91.2,282.7,640
42.932429,-114.797581,5250,89.1,279.0,704
42.932755,-114.799805,5300,87.5,280.5,192
42.933243,-114.803807,5400,85.0,278.8,768
42.933655,-114.808023,5500,83.7,277.5,704
42.934058,-114.812884,5575,84.7,277.5,640
42.934525,-114.817349,5650,86.7,277.3,512
42.93485,-114.822039,5750,86.5,276.0,640
42.935362,-114.826747,5825,85.3,274.7,512
42.935641,-114.831717,5900,86.4,275.3,640
42.935967,-114.83623,6000,86.2,274.0,576
42.936013,-114.839107,6050,85.0,270.7,576
42.93592,-114.841461,6075,84.2,266.6,512
42.935669,-114.846092,6150,86.4,264.7,384
42.93544,-114.848775,6175,87.5,264.1,384
42.935036,-114.853625,6250,89.4,264.9,576
42.934891,-114.856312,6300,88.1,267.4,704
42.934982,-114.85842,6325,88.0,271.3,640
42.935036,-114.861341,6400,87.4,275.2,704
42.935408,-114.865592,6475,84.7,277.5,704
42.935852,-114.870236,6550,86.1,279.4,512
42.936356,-114.874963,6650,86.7,277.3,640
42.936805,-114.87939,6725,87.1,279.2,576
42.937363,-114.883586,6800,88.3,279.8,576
42.938049,-114.888185,6875,84.7,281.6,704
42.938713,-114.892469,6975,82.0,282.7,640
42.939697,-114.89898,7100,81.6,281.3,576
42.94011,-114.901559,7125,84.0,278.9,384
42.940296,-114.903128,7125,83.4,275.5,384
42.940292,-114.90377,7150,81.1,272.1,832
42.940338,-114.904281,7150,88.2,266.1,-448
42.940296,-114.90509,7150,87.1,272.0,-576
42.940436,-114.907248,7175,86.6,276.6,576
42.940762,-114.91006,7250,84.3,280.2,576
42.941646,-114.916927,7350,83.2,279.7,576
42.942112,-114.919281,7400,82.2,283.4,576
42.943405,-114.925743,7500,84.6,284.4,448
42.944321,-114.930533,7575,85.2,285.7,512
42.944951,-114.933275,7625,84.2,285.9,512
42.946106,-114.938645,7725,83.2,286.0,512
42.946976,-114.942031,7800,83.5,288.9,512
42.948166,-114.946694,7875,83.2,290.4,448
42.949722,-114.952506,7975,80.7,289.6,576
42.950409,-114.954933,8025,81.3,286.4,384
42.95137,-114.959405,8100,81.9,287.8,448
42.951462,-114.959916,8100,80.4,291.1,832
42.951553,-114.960427,8125,80.3,300.7,1152
42.951608,-114.960676,8125,80.2,303.3,1792
42.951645,-114.960937,8125,79.8,300.1,2688
42.951736,-114.961512,8125,79.8,282.3,2560
42.951748,-114.961788,8125,80.8,282.1,1984
42.951782,-114.962087,8125,80.4,280.8,1280
42.951888,-114.962769,8150,80.1,283.0,1024
42.952103,-114.96394,8175,81.8,282.0,640
42.952652,-114.967006,8225,80.8,285.1,512
42.953331,-114.970681,8275,78.9,282.5,576
42.954117,-114.975948,8375,76.9,282.8,512
42.954483,-114.978375,8400,81.2,279.9,192
42.954895,-114.98208,8425,82.6,281.2,192
42.954914,-114.982322,8425,85.1,273.4,256
42.955261,-114.987254,8475,81.3,274.9,512
42.955353,-114.989617,8500,80.0,271.4,640
42.955379,-114.99442,8575,77.1,272.2,320
42.955627,-114.997218,8575,81.2,274.2,320
42.955627,-114.997729,8575,83.2,274.1,320
42.955658,-114.998016,8575,83.3,274.8,-192
42.956077,-115.002267,8575,87.7,277.2,128
42.956496,-115.006256,8550,92.2,279.4,64
42.95723,-115.011334,8550,96.7,280.7,-64
42.957288,-115.012403,8575,101.1,272.3,-64
42.95755,-115.013953,8550,100.5,279.7,-64
42.958878,-115.024939,8575,102.4,279.5,128
42.959383,-115.028425,8575,103.2,281.8,0
42.960034,-115.033068,8550,108.1,281.2,128
42.9605,-115.03588,8550,108.9,285.4,128
42.961624,-115.040844,8525,112.4,286.0,128
42.96171,-115.041112,8525,112.6,286.5,-384
42.963805,-115.050594,8475,117.2,285.3,-256
42.965528,-115.058834,8400,119.3,287.1,-256
42.968879,-115.072959,8400,114.5,287.8,-256
42.971021,-115.082376,8425,109.7,288.6,128
42.971812,-115.085842,8450,107.7,285.1,-320
42.97251,-115.088327,8450,109.4,289.8,-128
42.975037,-115.097245,8425,110.5,291.2,-64
42.977957,-115.107095,8400,110.3,292.4,-128
42.980005,-115.113177,8375,109.7,294.2,-64
42.98196,-115.118997,8375,110.5,296.3,-192
42.983826,-115.123625,8325,111.9,298.9,-256
42.985824,-115.128348,8300,112.5,300.4,-384
42.9879,-115.133142,8275,112.3,298.2,-256
42.989777,-115.138316,8275,111.8,296.6,-64
42.991516,-115.143553,8250,111.0,294.5,-128
42.993692,-115.150452,8225,111.6,292.7,-256
42.996323,-115.159202,8175,112.0,293.1,-128
43.000209,-115.171967,8125,111.2,292.2,-192
43.002365,-115.179259,8075,112.0,290.4,-320
43.004425,-115.187626,8025,112.6,289.7,-192
43.00795,-115.200593,8000,110.7,290.1,-192
43.009706,-115.206691,7950,111.2,292.2,-448
43.010513,-115.208896,7950,110.9,296.8,-192
43.012024,-115.212729,7950,112.0,300.0,-192
43.015897,-115.221536,7875,113.4,300.2,-256
43.018783,-115.228468,7850,114.1,298.8,-256
43.021623,-115.235269,7800,113.4,300.2,-128
43.026371,-115.246582,7800,108.4,299.9,256
43.027535,-115.24959,7825,105.5,297.0,192
43.030375,-115.257241,7850,100.6,296.6,64
43.032982,-115.264696,7875,97.0,296.3,448
43.03537,-115.271493,7925,93.0,295.5,128
43.037979,-115.279222,7950,93.1,294.1,192
43.039546,-115.284249,7975,92.3,293.0,128
43.042292,-115.293536,8050,91.6,291.8,256
43.04512,-115.302791,8100,94.3,291.1,64
43.046173,-115.306687,8125,90.8,288.6,576
43.046761,-115.309688,8175,88.3,285.8,448
43.047913,-115.315374,8200,90.7,284.0,0
43.049368,-115.322963,8225,92.2,285.1,128
43.051025,-115.331534,8275,91.7,283.9,256
43.051975,-115.337023,8325,91.2,282.7,192
43.052766,-115.342124,8375,91.8,281.3,320
43.053223,-115.345203,8400,91.8,281.3,384
43.054582,-115.354549,8475,92.6,280.6,192
43.055234,-115.359126,8500,92.1,278.8,192
43.055466,-115.360892,8525,92.2,285.1,320
43.055979,-115.36305,8525,92.4,289.6,256
43.056885,-115.366474,8550,93.2,292.7,192
43.058121,-115.37005,8575,91.7,295.2,-64
43.059311,-115.373244,8600,93.1,298.2,128
43.06105,-115.377715,8625,91.7,296.6,256
43.062057,-115.380973,8675,90.9,294.0,384
43.063148,-115.384434,8700,91.2,291.2,128
43.065242,-115.391889,8725,93.4,291.4,192
43.067322,-115.398538,8725,97.9,291.6,0
43.068268,-115.401895,8725,99.6,289.3,64
43.06878,-115.404184,8725,99.5,285.1,64
43.069107,-115.406203,8750,98.7,280.5,64
43.069292,-115.408238,8750,100.3,274.6,64
43.069382,-115.410547,8750,100.0,269.4,-128
43.069382,-115.413102,8725,102.0,270.6,-192
43.069427,-115.415273,8725,104.2,273.9,256
43.069432,-115.415693,8725,111.2,266.4,-320
43.069479,-115.416282,8725,102.7,276.7,-512
43.069758,-115.418243,8725,103.8,280.5,-128
43.070084,-115.42014,8725,105.7,287.1,-192
43.071075,-115.424216,8700,106.0,289.3,-192
43.072924,-115.430734,8675,110.5,291.2,-448
43.074134,-115.435181,8625,114.8,292.5,-576
43.075607,-115.439673,8575,118.1,295.0,-448
43.07702,-115.443486,8550,120.4,298.3,-384
43.078231,-115.446232,8525,121.1,300.8,-448
43.080276,-115.450532,8500,123.4,303.4,-256
43.082886,-115.455845,8475,120.9,304.2,-320
43.086914,-115.463818,8425,122.1,305.0,0
43.088562,-115.467139,8425,118.2,304.0,-320
43.089157,-115.468161,8425,119.0,303.7,-896
43.089357,-115.468467,8425,130.2,317.5,128
43.089478,-115.468864,8425,118.4,303.3,1024
43.092615,-115.475529,8425,117.7,301.8,-64
43.097177,-115.485535,8400,115.7,303.0,-64
43.100203,-115.491747,8400,116.5,304.5,-128
43.104626,-115.500379,8375,115.9,304.1,-64
43.106827,-115.505016,8350,116.8,302.1,-320
43.10956,-115.5113,8325,118.9,300.9,-64
43.112027,-115.516924,8325,116.6,301.0,128
43.113007,-115.519132,8325,117.3,304.2,-576
43.113235,-115.519643,8325,121.8,311.7,576
43.11351,-115.520282,8325,123.8,314.0,1792
43.113703,-115.520652,8325,114.9,301.5,1280
43.117521,-115.529022,8325,116.0,302.3,0
43.122986,-115.54085,8325,112.7,301.6,64
43.126007,-115.547492,8350,110.1,302.4,192
43.131486,-115.559169,8400,108.8,302.2,64
43.135257,-115.567474,8400,109.9,301.2,0
43.139261,-115.576368,8400,109.6,302.0,0
43.141708,-115.581473,8425,109.6,303.8,64
43.145219,-115.588531,8425,107.6,305.2,64
43.146835,-115.591693,8450,108.2,303.7,0
43.148575,-115.59559,8450,107.2,300.9,64
43.15183,-115.603049,8450,107.7,301.3,0
43.154984,-115.610472,8450,109.4,300.8,-128
43.160162,-115.622144,8425,109.9,301.2,0
43.161745,-115.625807,8450,111.0,302.1,-64
43.164322,-115.631615,8450,111.6,300.7,-64
43.167847,-115.639982,8425,112.4,299.3,0
43.172871,-115.652161,8425,110.1,299.4,64
43.177852,-115.664389,8450,110.5,298.6,64
43.179202,-115.668117,8450,110.5,296.3,128
43.179714,-115.669817,8450,109.8,290.2,128
43.180389,-115.672877,8450,109.1,287.6,64
43.180832,-115.675245,8450,108.5,282.2,-128
43.181111,-115.677468,8425,108.9,277.4,-192
43.181251,-115.680215,8425,110.2,273.1,-256
43.18139,-115.684466,8400,114.2,273.5,-576
43.181483,-115.686754,8375,113.8,280.1,-320
43.181949,-115.689501,8350,115.4,284.0,-448
43.182647,-115.692313,8350,117.6,287.8,-384
43.183365,-115.694722,8325,117.5,292.0,-256
43.18437,-115.697806,8300,119.0,295.9,-192
43.186325,-115.702645,8300,117.2,298.5,-128
43.188538,-115.708072,8300,116.1,300.5,64
43.19046,-115.712351,8300,112.8,298.6,-128
43.191166,-115.714024,8325,110.1,294.7,-1088
43.191879,-115.715481,8325,112.4,302.3,-704
43.192842,-115.717555,8325,108.2,297.5,-384
43.19368,-115.719256,8325,111.8,303.7,-256
43.199313,-115.730634,8325,111.5,304.4,-128
43.202179,-115.73624,8325,112.4,306.0,-64
43.204247,-115.739986,8325,113.2,308.2,-64
43.208716,-115.747572,8325,113.6,306.8,0
43.209595,-115.749143,8325,112.6,305.2,64
43.209741,-115.749468,8325,120.2,315.7,704
43.209915,-115.749781,8325,112.3,304.1,704
43.21106,-115.752209,8325,111.5,302.5,512
43.212845,-115.756488,8325,109.4,300.8,-64
43.214489,-115.760585,8325,111.4,298.4,-64
43.21933,-115.772945,8325,111.0,299.1,0
43.221588,-115.778205,8300,112.2,301.1,-128
43.22501,-115.785958,8325,111.0,302.1,128
43.229462,-115.79526,8350,108.5,303.0,64
43.23175,-115.800178,8375,109.4,300.8,0
43.234863,-115.807907,8350,110.1,299.4,-64
43.239075,-115.818318,8350,110.5,298.6,64
43.241443,-115.824738,8350,108.7,296.8,64
43.243378,-115.830454,8350,107.8,294.7,-64
43.245987,-115.837736,8350,108.2,296.3,-64
43.247541,-115.842394,8350,109.7,294.2,64
43.248138,-115.844634,8350,108.5,289.9,64
43.250194,-115.852269,8350,109.6,291.4,-256
43.251219,-115.855539,8325,111.4,295.0,-128
43.253357,-115.861561,8325,110.0,297.0,64
43.255737,-115.867693,8350,108.3,298.7,64
43.260498,-115.879446,8350,108.3,298.7,0
43.263153,-115.88628,8375,107.4,297.8,0
43.265743,-115.893467,8350,107.3,296.6,0
43.267914,-115.899374,8350,111.8,296.6,0
43.268024,-115.89968,8350,121.3,301.9,576
43.268188,-115.900077,8350,108.7,294.4,448
43.2697,-115.904977,8350,108.1,292.3,64
43.271439,-115.911063,8375,105.1,291.2,320
43.273315,-115.917962,8400,103.5,290.4,64
43.275845,-115.927407,8400,103.2,291.6,-64
43.277381,-115.932312,8400,107.0,293.7,64
43.279197,-115.937347,8425,106.9,296.1,64
43.283661,-115.949579,8400,108.7,296.8,64
43.286041,-115.956031,8425,108.3,298.7,128
43.288101,-115.961077,8425,108.9,300.3,0
43.290416,-115.96599,8450,109.3,302.7,0
43.292697,-115.970633,8425,111.5,304.4,0
43.295164,-115.975276,8425,112.2,306.7,0
43.297119,-115.978961,8425,112.6,305.2,256
43.302887,-115.990586,8425,114.0,305.4,-64
43.30838,-116.000806,8425,114.4,306.5,0
43.313645,-116.010393,8425,112.4,306.0,0
43.315414,-116.013859,8450,112.6,305.2,0
43.316857,-116.016868,8425,111.8,301.8,-128
43.318394,-116.020726,8425,114.1,298.8,128
43.319464,-116.023799,8450,113.2,295.7,128
43.321976,-116.031402,8450,110.6,294.0,64
43.326187,-116.044241,8450,112.3,294.7,0
43.328961,-116.052181,8450,111.4,296.1,128
43.329712,-116.054333,8475,117.2,297.4,256
43.329892,-116.054862,8475,111.8,296.6,192
43.333151,-116.063756,8475,111.8,295.4,-128
43.334454,-116.06781,8450,111.6,292.7,0
43.335757,-116.072976,8475,111.8,291.5,128
43.336409,-116.075788,8475,109.1,287.6,64
43.337806,-116.082001,8475,109.1,289.3,0
43.341251,-116.095014,8475,111.0,288.9,-64
43.342575,-116.100322,8475,109.8,287.0,0
43.343628,-116.105432,8475,108.7,284.9,64
43.344452,-116.110414,8475,107.7,282.9,0
43.345642,-116.11776,8475,109.9,283.1,-128
43.345779,-116.118398,8475,116.3,278.4,-256
43.345813,-116.118687,8475,111.1,283.5,-256
43.346883,-116.124965,8450,111.6,282.4,-64
43.346924,-116.125297,8450,118.7,276.3,-192
43.346977,-116.12575,8450,126.1,271.8,-448
43.347015,-116.125999,8450,111.8,282.9,-512
43.347656,-116.129321,8450,111.8,282.9,-128
43.347885,-116.130726,8450,107.8,288.9,-192
43.34828,-116.133401,8425,112.3,283.9,-128
43.34903,-116.137241,8425,111.0,280.9,0
43.349396,-116.140818,8425,106.4,279.2,128
43.349533,-116.142862,8425,108.6,275.8,64
43.349945,-116.148291,8450,101.4,275.1,-128
43.349956,-116.148638,8450,110.3,274.2,-192
43.350082,-116.150271,8450,108.2,278.5,0
43.351501,-116.163238,8450,108.5,279.5,0
43.352325,-116.170072,8450,108.1,281.2,0
43.35354,-116.177216,8450,108.7,282.8,0
43.353913,-116.179831,8450,105.4,286.5,256
43.354099,-116.181139,8450,108.7,280.1,320
43.354797,-116.187063,8475,107.5,279.6,192
43.354797,-116.187483,8475,125.4,265.4,-256
43.35489,-116.188071,8475,138.5,259.2,-704
43.354935,-116.18834,8475,108.2,278.5,-512
43.355542,-116.194807,8475,107.8,276.9,64
43.355759,-116.197283,8475,103.4,282.3,192
43.355804,-116.198049,8475,111.4,274.6,192
43.356216,-116.203287,8475,111.3,274.1,-192
43.35624,-116.2037,8475,104.1,281.6,-64
43.356287,-116.204289,8475,100.3,286.8,128
43.356308,-116.204692,8475,96.0,301.4,704
43.356334,-116.205074,8475,110.4,274.7,896
43.356753,-116.210044,8475,109.8,276.8,0
43.357404,-116.216387,8500,109.3,279.0,128
43.357916,-116.219853,8500,110.0,281.0,128
43.358917,-116.226218,8500,110.6,282.5,-128
43.36043,-116.234959,8500,111.3,284.0,0
43.362213,-116.244549,8500,112.1,283.4,0
43.363363,-116.251439,8525,110.2,281.5,128
43.364456,-116.259177,8525,108.7,280.1,0
43.365189,-116.265756,8525,107.2,278.6,128
43.365504,-116.268964,8550,108.4,274.8,64
43.365692,-116.270802,8550,107.9,277.5,-192
43.365737,-116.271123,8550,102.1,278.5,-256
43.365784,-116.271504,8550,107.9,277.5,-128
43.366608,-116.280191,8550,105.6,276.0,0
43.367506,-116.293291,8550,105.6,276.0,128
43.368251,-116.301466,8575,107.8,276.9,0
43.368896,-116.307976,8550,108.2,278.5,-64
43.369675,-116.314364,8575,108.9,280.6,128
43.370485,-116.320953,8575,108.2,278.5,64
43.370904,-116.325662,8575,107.6,275.9,0
43.371002,-116.32733,8575,108.5,275.3,0
43.371044,-116.327689,8575,115.0,270.0,-64
43.371048,-116.328097,8575,108.4,274.8,-128
43.37178,-116.337422,8600,109.6,275.8,64
43.372487,-116.345346,8575,111.9,277.2,-192
43.372925,-116.350005,8550,114.0,277.6,-128
43.373016,-116.350708,8550,104.7,287.2,128
43.373108,-116.351538,8550,109.7,282.6,384
43.373139,-116.351951,8550,118.2,273.4,256
43.373154,-116.352369,8550,124.0,269.5,-128
43.373185,-116.352801,8550,114.0,277.6,-384
43.374117,-116.362152,8525,115.4,279.0,-64
43.375854,-116.37613,8525,115.6,279.5,-64
43.37663,-116.382621,8500,119.2,278.2,-256
43.377228,-116.386669,8475,116.3,281.4,-128
43.378027,-116.392299,8475,117.1,280.8,-128
43.380029,-116.405705,8450,116.5,281.9,-64
43.381577,-116.416051,8425,118.1,280.7,64
43.382868,-116.425847,8450,114.8,280.0,0
43.383986,-116.434937,8425,115.4,279.0,0
43.384824,-116.441672,8425,113.0,280.7,64
43.384872,-116.441984,8425,129.1,268.2,-192
43.384918,-116.442687,8425,114.4,279.0,-128
43.386546,-116.456844,8425,114.4,279.0,-64
43.38707,-116.460763,8425,115.4,279.0,-64
43.387105,-116.460964,8425,110.4,284.2,0
43.387436,-116.463701,8400,114.4,279.0,64
43.388626,-116.472835,8400,114.9,280.5,-128
43.389633,-116.479542,8400,114.8,282.6,64
43.390915,-116.487398,8425,113.3,283.8,64
43.393436,-116.500985,8400,114.7,284.6,-128
43.39476,-116.507583,8375,115.5,286.1,-64
43.396974,-116.518184,8350,118.1,285.2,-64
43.398231,-116.524854,8350,118.4,283.7,-192
43.398929,-116.529301,8325,117.1,280.8,0
43.399674,-116.535121,8350,114.4,279.0,256
43.399979,-116.539136,8375,111.5,275.7,320
43.400838,-116.552843,8400,110.4,274.7,0
43.401117,-116.559056,8400,112.2,273.6,0
43.401489,-116.564622,8400,110.6,275.7,-64
43.402001,-116.570238,8375,112.1,278.2,-128
43.402839,-116.577236,8375,112.6,279.7,64
43.403538,-116.582206,8375,112.4,281.8,0
43.404934,-116.590642,8400,110.9,283.0,192
43.406891,-116.601797,8400,109.4,282.1,-128
43.408035,-116.610164,8400,109.8,280.5,128
43.408585,-116.614891,8425,107.1,278.0,256
43.409134,-116.621023,8450,105.7,276.5,64
43.409958,-116.630796,8450,108.5,275.3,64
43.41037,-116.637502,8475,106.2,273.8,128
43.41052,-116.640472,8475,106.7,276.5,64
43.411469,-116.652577,8475,110.6,275.7,-128
43.412109,-116.661838,8475,109.8,276.8,0
43.412708,-116.667742,8450,113.3,278.6,-256
43.414261,-116.680617,8425,113.0,277.6,128
43.414477,-116.68311,8425,112.8,276.6,192
43.414536,-116.683492,8425,104.5,285.0,320
43.414617,-116.684679,8450,102.1,288.3,448
43.414673,-116.684961,8450,109.9,277.3,512
43.415129,-116.690172,8450,109.8,276.8,128
43.415176,-116.690892,8450,117.0,271.0,-64
43.415315,-116.692265,8450,108.2,278.5,-256
43.416107,-116.69972,8450,111.8,280.3,-64
43.41806,-116.71364,8475,110.8,280.4,64
43.419434,-116.723349,8500,109.0,281.1,64
43.419983,-116.727565,8525,107.2,278.6,0
43.420029,-116.728139,8525,115.1,272.0,-64
43.420064,-116.728428,8525,107.9,277.5,-192
43.421219,-116.742128,8525,110.9,277.2,0
43.421997,-116.748962,8500,114.4,279.0,-256
43.422775,-116.754647,8475,118.3,281.2,-192
43.422857,-116.75511,8475,121.5,279.0,-192
43.423508,-116.76021,8450,119.5,279.1,-192
43.423695,-116.761911,8450,121.3,278.5,-128
43.423737,-116.762184,8450,126.3,274.1,-192
43.423828,-116.762887,8450,129.1,272.2,-256
43.423881,-116.763218,8450,135.0,268.7,-320
43.42392,-116.763653,8450,119.5,279.1,-320
43.424812,-116.771524,8450,119.1,277.7,-128
43.425568,-116.780005,8425,116.7,276.4,0
43.426071,-116.787478,8425,115.4,275.0,-128
43.426348,-116.793169,8425,116.2,273.0,0
43.426441,-116.798466,8425,115.2,273.0,128
43.426488,-116.79997,8425,113.2,273.0,256
43.426529,-116.800253,8425,107.1,281.3,384
43.426483,-116.80102,8425,114.0,271.5,320
43.426804,-116.810154,8450,110.1,272.6,128
43.427046,-116.81475,8450,112.4,274.6,-192
43.427326,-116.817627,8425,115.4,279.0,-384
43.428396,-116.825736,8400,118.1,280.7,-64
43.429321,-116.832062,8375,118.9,282.6,-256
43.430165,-116.836591,8350,119.3,283.6,-448
43.430864,-116.840384,8325,121.3,285.3,-576
43.431335,-116.842793,8300,123.5,285.5,-512
43.431422,-116.843196,8300,117.8,293.5,-512
43.431609,-116.844046,8275,117.7,290.9,-512
43.431702,-116.84439,8275,124.5,285.4,-384
43.432446,-116.847905,8250,120.8,287.8,-512
43.433145,-116.850913,8250,123.0,288.0,-128
43.434355,-116.856014,8250,120.5,288.9,64
43.435593,-116.861317,8250,119.0,286.6,256
43.436279,-116.865149,8275,117.2,283.3,64
43.437103,-116.870068,8275,114.9,280.5,64
43.437893,-116.876286,8325,112.0,280.8,64
43.43794,-116.877005,8325,127.0,269.5,64
43.438079,-116.877725,8325,111.6,279.8,64
43.439026,-116.885781,8325,111.2,278.3,64
43.439392,-116.890188,8350,109.7,276.3,64
43.439383,-116.890542,8325,121.3,266.2,64
43.439438,-116.89089,8325,128.5,265.1,64
43.439429,-116.891262,8350,111.4,274.6,64
43.439621,-116.895234,8350,108.5,275.3,64
43.439662,-116.895578,8350,102.6,280.1,128
43.439667,-116.896064,8350,94.0,293.8,256
43.439662,-116.896428,8350,111.1,272.1,256
43.439709,-116.899109,8350,111.0,271.5,128
43.439713,-116.899513,8350,117.2,266.6,0
43.439755,-116.899894,8350,112.0,271.0,0
43.439941,-116.908647,8375,108.1,272.1,192
43.440267,-116.922324,8375,110.1,272.6,-192
43.440765,-116.936177,8375,108.2,273.2,192
43.441338,-116.949463,8400,107.2,273.2,128
43.441589,-116.954573,8425,107.5,275.3,64
43.442184,-116.961791,8425,110.9,277.2,-64
43.443107,-116.971043,8425,108.2,278.5,128
43.444565,-116.984466,8425,108.2,278.5,0
43.445295,-116.991316,8450,105.9,277.6,128
43.445667,-116.996351,8475,103.5,275.5,64
43.44603,-117.003436,8475,104.2,273.9,-128
43.446625,-117.014678,8425,107.4,274.8,-128
43.447174,-117.022854,8400,107.6,275.9,-192
43.447952,-117.031924,8375,107.8,276.9,-128
43.448456,-117.036012,8375,108.7,280.1,-64
43.450229,-117.049255,8350,105.7,280.4,-128
43.451843,-117.06169,8325,103.4,279.5,-128
43.452278,-117.065931,8325,102.7,276.7,-64
43.452464,-117.069659,8325,101.2,274.0,-64
43.453079,-117.082449,8300,104.3,274.4,64
43.453812,-117.095543,8350,103.3,274.4,192
43.454373,-117.103664,8400,104.5,275.5,128
43.454931,-117.109876,8425,105.9,277.6,128
43.456095,-117.12204,8450,106.1,278.1,192
43.456747,-117.128514,8475,104.7,276.6,192
43.457026,-117.133288,8500,103.3,274.4,128
43.457305,-117.141397,8525,105.3,274.4,0
43.457352,-117.144863,8525,105.0,270.5,0
43.457259,-117.151075,8500,107.0,268.4,-128
43.457108,-117.159481,8475,111.0,269.5,-192
43.457153,-117.168104,8500,109.0,271.0,384
43.457352,-117.174486,8500,108.2,273.2,-64
43.457657,-117.180495,8500,108.4,274.8,-64
43.458252,-117.190204,8550,104.2,273.9,256
43.458423,-117.196263,8575,103.0,271.7,192
43.458664,-117.209238,8600,105.1,272.2,64
43.459074,-117.222617,8600,108.0,271.6,-64
43.459351,-117.235618,8600,111.0,271.0,-64
43.4594,-117.249625,8575,113.0,270.5,-128
43.45954,-117.255445,8550,117.0,271.5,64
43.459726,-117.259238,8525,114.4,275.0,-192
43.460285,-117.266759,8500,114.9,277.0,-192
43.460704,-117.270486,8475,115.7,280.0,-192
43.461182,-117.274709,8475,116.9,282.9,-192
43.462007,-117.27866,8450,117.4,285.8,-64
43.463287,-117.283907,8450,117.0,288.4,0
43.466583,-117.297576,8475,115.4,287.6,0
43.469193,-117.308435,8450,116.7,288.0,-128
43.469925,-117.31265,8425,117.9,284.7,-128
43.471481,-117.319804,8425,116.2,283.4,-128
43.472528,-117.326922,8400,116.3,281.4,-64
43.473633,-117.334495,8400,114.6,279.5,64
43.47453,-117.341636,8400,114.1,281.1,-64
43.475647,-117.349745,8375,115.7,282.5,0
43.476608,-117.354424,8400,117.2,285.3,64
43.478254,-117.36315,8375,118.4,283.7,-192
43.479492,-117.370009,8375,118.5,281.7,-128
43.480209,-117.375641,8375,115.6,279.5,64
43.480582,-117.379892,8400,112.6,276.1,320
43.48114,-117.387191,8425,109.0,277.9,192
43.481689,-117.391918,8425,109.8,280.5,-64
43.482742,-117.398242,8425,113.6,282.2,-192
43.484116,-117.406865,8450,110.1,283.7,320
43.484985,-117.411527,8475,108.5,286.6,64
43.487332,-117.420502,8450,107.2,287.9,64
43.488914,-117.428022,8450,106.6,288.6,-128
43.489929,-117.43267,8450,108.5,288.3,-128
43.490311,-117.433123,8450,103.6,276.1,-384
43.490295,-117.435289,8450,107.7,282.9,-640
43.49087,-117.438158,8425,110.3,278.9,0
43.491211,-117.442826,8400,110.7,276.2,-256
43.491989,-117.448702,8375,112.1,278.2,-64
43.492313,-117.453134,8400,112.4,281.8,128
43.493476,-117.458169,8425,111.1,283.5,256
43.494461,-117.465054,8450,108.9,285.4,128
43.496613,-117.473741,8400,112.6,286.5,-448
43.497759,-117.480207,8300,115.4,287.6,-512
43.500459,-117.490016,8275,118.3,287.2,0
43.501856,-117.496556,8275,117.4,285.8,0
43.502197,-117.49846,8275,120.5,283.9,0
43.504211,-117.509191,8250,122.3,285.2,128
43.504898,-117.512768,8275,118.4,283.7,384
43.505627,-117.517482,8275,117.1,280.8,-192
43.506271,-117.522157,8275,117.1,277.9,-64
43.506837,-117.527553,8300,113.8,280.1,256
43.507908,-117.535073,8325,111.0,280.9,384
43.508792,-117.540305,8375,110.9,283.0,192
43.509613,-117.544577,8350,111.4,286.2,-64
43.511169,-117.551859,8325,110.1,287.5,-256
43.512284,-117.556196,8325,114.2,290.5,-128
43.514565,-117.564501,8275,114.2,288.9,128
43.51638,-117.572021,8300,112.3,287.6,-192
43.517807,-117.57875,8250,111.4,286.2,-192
43.519173,-117.585493,8250,110.4,284.2,-64
43.521378,-117.597145,8200,114.5,284.2,-384
43.523163,-117.607237,8150,119.3,283.6,-448
43.524353,-117.613625,8075,124.2,284.9,-320
43.525452,-117.618862,8100,127.1,287.9,256
43.528111,-117.6297,8200,122.4,287.1,576
43.529388,-117.635214,8300,117.4,285.8,896
43.530253,-117.639901,8375,116.0,283.0,448
43.530762,-117.643837,8375,117.9,280.3,192
43.531556,-117.65043,8400,117.5,281.8,320
43.532043,-117.654887,8450,118.4,278.8,384
43.533092,-117.664424,8550,120.5,279.1,256
43.533783,-117.669451,8525,121.6,281.9,-192
43.534836,-117.675455,8500,121.5,283.8,-192
43.537125,-117.687846,8500,121.0,284.8,192
43.539963,-117.702282,8500,121.5,283.8,-64
43.541794,-117.711927,8525,121.3,285.3,320
43.54366,-117.721383,8625,120.3,285.4,512
43.544357,-117.725468,8675,117.5,281.8,384
43.545149,-117.730996,8675,118.5,279.2,-128
43.545776,-117.737221,8675,122.1,277.5,-128
43.546783,-117.746802,8650,122.1,277.5,128
43.547791,-117.755489,8600,122.5,278.9,-320
43.548615,-117.762515,8575,120.2,281.0,-256
43.550903,-117.777078,8550,118.1,280.7,64
43.552505,-117.787955,8525,115.9,280.4,-64
43.552598,-117.788805,8525,123.1,272.8,192
43.552691,-117.789328,8525,115.7,280.0,256
43.552734,-117.789725,8525,110.4,284.2,128
43.553156,-117.79371,8525,115.3,281.5,-128
43.554657,-117.802372,8475,113.0,280.7,0
43.555618,-117.809973,8475,109.3,279.0,-64
43.556488,-117.81783,8425,114.3,278.6,-384
43.55702,-117.822484,8425,115.1,281.0,256
43.558463,-117.8319,8450,115.5,282.0,-128
43.559953,-117.840336,8425,114.0,283.2,128
43.56102,-117.846382,8450,111.0,280.9,0
43.561569,-117.8513,8475,113.1,278.1,256
43.562164,-117.856985,8500,114.6,276.0,320
43.562851,-117.86631,8600,115.0,277.5,256
43.563491,-117.873688,8625,112.5,275.6,192
43.564316,-117.883876,8675,114.9,277.0,64
43.56512,-117.892848,8625,115.5,275.5,-384
43.565918,-117.90406,8575,118.8,276.8,-64
43.566925,-117.913705,8500,121.2,278.1,-448
43.568207,-117.925011,8475,117.4,278.8,64
43.568939,-117.93012,8475,115.3,281.5,-256
43.570567,-117.940652,8425,112.6,282.3,0
43.57187,-117.949284,8400,113.0,280.7,-128
43.572784,-117.955989,8400,113.3,278.6,64
43.574012,-117.967922,8450,109.0,277.9,192
43.575222,-117.980347,8450,109.3,279.0,-256
43.576433,-117.990417,8475,111.8,280.3,64
43.577225,-117.996933,8425,116.7,279.9,-448
43.579272,-118.011867,8375,117.9,280.3,64
43.580063,-118.017692,8375,117.7,282.3,-192
43.580978,-118.022802,8350,117.9,284.7,-192
43.582065,-118.029,8300,117.9,282.7,-512
43.58295,-118.035017,8250,121.0,280.5,-320
43.583509,-118.03966,8250,116.4,278.9,128
43.584067,-118.044041,8275,111.6,279.8,320
43.584998,-118.051627,8275,108.3,279.0,0
43.585464,-118.057316,8275,109.8,276.8,-256
43.586162,-118.066668,8250,114.6,276.0,192
43.587279,-118.080989,8275,114.5,275.5,0
43.58757,-118.084376,8300,115.6,279.5,-64
43.588583,-118.091976,8275,118.1,280.7,0
43.589421,-118.098254,8275,115.3,278.5,128
43.589933,-118.104204,8300,113.6,276.1,192
43.590771,-118.11336,8350,108.9,277.4,384
43.591841,-118.124608,8425,105.8,277.1,128
43.592743,-118.134262,8425,102.6,276.2,-128
43.59343,-118.144098,8375,103.4,275.0,-192
43.593887,-118.150166,8350,105.7,276.5,-192
43.594482,-118.157959,8300,109.7,276.3,-256
43.595147,-118.167245,8275,110.5,275.2,-192
43.59613,-118.179932,8300,108.6,275.8,320
43.596636,-118.185752,8325,104.6,276.0,320
43.597288,-118.195496,8400,102.4,275.0,128
43.597986,-118.206874,8375,106.5,275.4,0
43.598591,-118.215964,8350,105.3,274.4,-192
43.599057,-118.224727,8300,108.2,273.2,-64
43.599569,-118.23676,8325,111.3,274.1,320
43.600204,-118.248085,8350,112.4,275.1,128
43.600845,-118.25773,8375,116.6,275.9,-192
43.601198,-118.263506,8375,117.3,273.9,192
43.601804,-118.27567,8400,121.3,274.2,0
43.602455,-118.28561,8425,124.6,275.5,64
43.603573,-118.300977,8400,124.7,276.0,-448
43.604038,-118.308563,8375,126.3,274.1,-64
43.604317,-118.313402,8375,122.3,274.2,128
43.604416,-118.31675,8375,118.2,272.9,192
43.60455,-118.320073,8400,114.1,272.5,384
43.604783,-118.326874,8425,109.3,274.2,192
43.605606,-118.340447,8475,107.2,273.7,192
43.605947,-118.345642,8500,108.7,276.3,0
43.606613,-118.353988,8500,104.6,276.0,-64
43.607483,-118.365102,8475,103.8,277.2,64
43.608833,-118.378209,8500,102.0,277.9,320
43.609818,-118.38848,8500,97.7,277.0,-128
43.610323,-118.395081,8500,98.4,275.2,0
43.610602,-118.402012,8500,98.2,273.5,64
43.611099,-118.411858,8550,97.3,274.7,64
43.611673,-118.419211,8575,96.5,276.0,192
43.612061,-118.424122,8550,100.6,276.3,-384
43.612793,-118.432042,8550,104.8,277.1,0
43.613814,-118.443277,8475,109.8,276.8,-448
43.614532,-118.452227,8375,111.6,276.2,-512
43.615117,-118.460606,8250,112.4,274.6,-768
43.61554,-118.468834,8125,112.3,274.1,-896
43.615768,-118.473369,8050,116.4,274.4,-832
43.616043,-118.478543,7950,121.2,273.3,-896
43.616455,-118.486655,7825,124.3,274.1,-704
43.616886,-118.495004,7700,123.2,273.3,-640
43.617305,-118.505009,7600,121.2,273.3,-576
43.617585,-118.513445,7475,118.2,272.9,-640
43.617678,-118.517892,7425,121.0,270.0,-576
43.617691,-118.521274,7400,126.1,268.2,-384
43.617631,-118.523385,7375,114.3,274.0,-576
43.617631,-118.524235,7375,121.0,270.5,-768
43.617645,-118.533219,7300,120.0,271.4,-384
43.617783,-118.534688,7275,124.0,270.9,-320
43.61792,-118.543758,7150,120.0,271.4,-1152
43.61792,-118.546377,7125,124.0,270.9,-832
43.618011,-118.554233,7025,126.0,270.5,-768
43.618004,-118.557914,6925,125.0,268.6,-1024
43.617911,-118.563538,6825,122.0,269.1,-1152
43.617818,-118.567527,6725,122.0,269.1,-1152
